<?xml version="1.0" encoding="iso-8859-1" standalone="no"?>
<comments
  xmlns:xsi='http://www.w3.org/2001/XMLSchema-instance'
  xsi:noNamespaceSchemaLocation='comments.xsd'
  name="GPC-CORE-API-1.6_to_GPC-CORE-API-1.7"
  jdversion="1.1.1">

<!-- This file contains comments for a JDiff report. -->
<!-- It is used only in generating the report, and does not need to ship with the final report. -->

<!-- The id attribute in an identifier element identifies the change as noted in the report. -->
<!-- An id has the form package[.class[.[ctor|method|field].signature]], where [] indicates optional text. -->
<!-- A comment element can have multiple identifier elements, which will -->
<!-- will cause the same text to appear at each place in the report, but -->
<!-- will be converted to separate comments when the comments file is used. -->
<!-- HTML tags in the text field will appear in the report. -->
<!-- You also need to close p HTML elements, used for paragraphs - see the top-level documentation. -->
<comment>
  <identifier id="org.globalplatform"/>
  <text>
    InsertCommentsHere
  </text>
</comment>
<comment>
  <identifier id="org.globalplatform.Application"/>
  <text>
    InsertCommentsHere
  </text>
</comment>
<comment>
  <identifier id="org.globalplatform.Application.processData_changed(byte[], short, short)"/>
  <text>
    InsertCommentsHere
  </text>
</comment>
<comment>
  <identifier id="org.globalplatform.Authority"/>
  <text>
    InsertCommentsHere
  </text>
</comment>
<comment>
  <identifier id="org.globalplatform.Authority.init_changed(byte)"/>
  <text>
    InsertCommentsHere
  </text>
</comment>
<comment>
  <identifier id="org.globalplatform.Authority.recoverKey_changed(byte[], short, short, byte[], short)"/>
  <text>
    InsertCommentsHere
  </text>
</comment>
<comment>
  <identifier id="org.globalplatform.Authority.sign_changed(byte[], short, short, byte[], short)"/>
  <text>
    InsertCommentsHere
  </text>
</comment>
<comment>
  <identifier id="org.globalplatform.Authority.update_changed(byte[], short, short)"/>
  <text>
    InsertCommentsHere
  </text>
</comment>
<comment>
  <identifier id="org.globalplatform.AuthoritySignature"/>
  <text>
    InsertCommentsHere
  </text>
</comment>
<comment>
  <identifier id="org.globalplatform.CVM"/>
  <text>
    InsertCommentsHere
  </text>
</comment>
<comment>
  <identifier id="org.globalplatform.CVM.blockState_changed()"/>
  <text>
    InsertCommentsHere
  </text>
</comment>
<comment>
  <identifier id="org.globalplatform.CVM.getTriesRemaining_changed()"/>
  <text>
    InsertCommentsHere
  </text>
</comment>
<comment>
  <identifier id="org.globalplatform.CVM.isActive_changed()"/>
  <text>
    InsertCommentsHere
  </text>
</comment>
<comment>
  <identifier id="org.globalplatform.CVM.isBlocked_changed()"/>
  <text>
    InsertCommentsHere
  </text>
</comment>
<comment>
  <identifier id="org.globalplatform.CVM.isSubmitted_changed()"/>
  <text>
    InsertCommentsHere
  </text>
</comment>
<comment>
  <identifier id="org.globalplatform.CVM.isVerified_changed()"/>
  <text>
    InsertCommentsHere
  </text>
</comment>
<comment>
  <identifier id="org.globalplatform.CVM.resetAndUnblockState_changed()"/>
  <text>
    InsertCommentsHere
  </text>
</comment>
<comment>
  <identifier id="org.globalplatform.CVM.resetState_changed()"/>
  <text>
    InsertCommentsHere
  </text>
</comment>
<comment>
  <identifier id="org.globalplatform.CVM.setTryLimit_changed(byte)"/>
  <text>
    InsertCommentsHere
  </text>
</comment>
<comment>
  <identifier id="org.globalplatform.CVM.update_changed(byte[], short, byte, byte)"/>
  <text>
    InsertCommentsHere
  </text>
</comment>
<comment>
  <identifier id="org.globalplatform.CVM.verify_changed(byte[], short, byte, byte)"/>
  <text>
    InsertCommentsHere
  </text>
</comment>
<comment>
  <identifier id="org.globalplatform.GPRegistryEntry"/>
  <text>
    InsertCommentsHere
  </text>
</comment>
<comment>
  <identifier id="org.globalplatform.GPRegistryEntry.deregisterService_changed(short)"/>
  <text>
    InsertCommentsHere
  </text>
</comment>
<comment>
  <identifier id="org.globalplatform.GPRegistryEntry.getAID_changed()"/>
  <text>
    InsertCommentsHere
  </text>
</comment>
<comment>
  <identifier id="org.globalplatform.GPRegistryEntry.getPrivileges_changed(byte[], short)"/>
  <text>
    InsertCommentsHere
  </text>
</comment>
<comment>
  <identifier id="org.globalplatform.GPRegistryEntry.getState_changed()"/>
  <text>
    InsertCommentsHere
  </text>
</comment>
<comment>
  <identifier id="org.globalplatform.GPRegistryEntry.isAssociated_changed(javacard.framework.AID)"/>
  <text>
    InsertCommentsHere
  </text>
</comment>
<comment>
  <identifier id="org.globalplatform.GPRegistryEntry.isPrivileged_changed(byte)"/>
  <text>
    InsertCommentsHere
  </text>
</comment>
<comment>
  <identifier id="org.globalplatform.GPRegistryEntry.registerService_changed(short)"/>
  <text>
    InsertCommentsHere
  </text>
</comment>
<comment>
  <identifier id="org.globalplatform.GPRegistryEntry.setState_changed(byte)"/>
  <text>
    InsertCommentsHere
  </text>
</comment>
<comment>
  <identifier id="org.globalplatform.GPSystem"/>
  <text>
    InsertCommentsHere
  </text>
</comment>
<comment>
  <identifier id="org.globalplatform.GPSystem.CARD_INFO_ATR_HISTORICAL_BYTES"/>
  <text>
    InsertCommentsHere
  </text>
</comment>
<comment>
  <identifier id="org.globalplatform.GPSystem.CARD_INFO_CL_IO_RANDOM"/>
  <text>
    InsertCommentsHere
  </text>
</comment>
<comment>
  <identifier id="org.globalplatform.GPSystem.FAMILY_AUTHORITY_SIGNATURE"/>
  <text>
    InsertCommentsHere
  </text>
</comment>
<comment>
  <identifier id="org.globalplatform.GPSystem.FAMILY_BROKER"/>
  <text>
    InsertCommentsHere
  </text>
</comment>
<comment>
  <identifier id="org.globalplatform.GPSystem.FAMILY_CVM"/>
  <text>
    InsertCommentsHere
  </text>
</comment>
<comment>
  <identifier id="org.globalplatform.GPSystem.FAMILY_PRIVACY_PROTOCOL"/>
  <text>
    InsertCommentsHere
  </text>
</comment>
<comment>
  <identifier id="org.globalplatform.GPSystem.FAMILY_SECURE_CHANNEL"/>
  <text>
    InsertCommentsHere
  </text>
</comment>
<comment>
  <identifier id="org.globalplatform.GPSystem.GLOBAL_SERVICE_IDENTIFIER"/>
  <text>
    InsertCommentsHere
  </text>
</comment>
<comment>
  <identifier id="org.globalplatform.GPSystem.getCVM_changed(byte)"/>
  <text>
    InsertCommentsHere
  </text>
</comment>
<comment>
  <identifier id="org.globalplatform.GPSystem.getCardInfoLength_added(short)"/>
  <text>
    InsertCommentsHere
  </text>
</comment>
<comment>
  <identifier id="org.globalplatform.GPSystem.getCardInfo_added(byte[], short, short)"/>
  <text>
    InsertCommentsHere
  </text>
</comment>
<comment>
  <identifier id="org.globalplatform.GPSystem.getSecureChannel_changed()"/>
  <text>
    InsertCommentsHere
  </text>
</comment>
<comment>
  <identifier id="org.globalplatform.GPSystem.getService_changed(javacard.framework.AID, short)"/>
  <text>
    InsertCommentsHere
  </text>
</comment>
<comment>
  <identifier id="org.globalplatform.GlobalService"/>
  <text>
    InsertCommentsHere
  </text>
</comment>
<comment>
  <identifier id="org.globalplatform.GlobalService.getServiceInterface_changed(org.globalplatform.GPRegistryEntry, short, byte[], short, short)"/>
  <text>
    InsertCommentsHere
  </text>
</comment>
<comment>
  <identifier id="org.globalplatform.HTTPAdministration"/>
  <text>
    InsertCommentsHere
  </text>
</comment>
<comment>
  <identifier id="org.globalplatform.HTTPAdministration.requestHTTPAdministrationSession_changed(byte[], short, short)"/>
  <text>
    InsertCommentsHere
  </text>
</comment>
<comment>
  <identifier id="org.globalplatform.HTTPReportListener"/>
  <text>
    InsertCommentsHere
  </text>
</comment>
<comment>
  <identifier id="org.globalplatform.HTTPReportListener.httpAdministationSessionReport_changed(short)"/>
  <text>
    InsertCommentsHere
  </text>
</comment>
<comment>
  <identifier id="org.globalplatform.Personalization"/>
  <text>
    InsertCommentsHere
  </text>
</comment>
<comment>
  <identifier id="org.globalplatform.Personalization.processData_changed(byte[], short, short, byte[], short)"/>
  <text>
    InsertCommentsHere
  </text>
</comment>
<comment>
  <identifier id="org.globalplatform.SecureChannel"/>
  <text>
    InsertCommentsHere
  </text>
</comment>
<comment>
  <identifier id="org.globalplatform.SecureChannel.decryptData_changed(byte[], short, short)"/>
  <text>
    InsertCommentsHere
  </text>
</comment>
<comment>
  <identifier id="org.globalplatform.SecureChannel.encryptData_changed(byte[], short, short)"/>
  <text>
    InsertCommentsHere
  </text>
</comment>
<comment>
  <identifier id="org.globalplatform.SecureChannel.getSecurityLevel_changed()"/>
  <text>
    InsertCommentsHere
  </text>
</comment>
<comment>
  <identifier id="org.globalplatform.SecureChannel.processSecurity_changed(javacard.framework.APDU)"/>
  <text>
    InsertCommentsHere
  </text>
</comment>
<comment>
  <identifier id="org.globalplatform.SecureChannel.resetSecurity_changed()"/>
  <text>
    InsertCommentsHere
  </text>
</comment>
<comment>
  <identifier id="org.globalplatform.SecureChannel.unwrap_changed(byte[], short, short)"/>
  <text>
    InsertCommentsHere
  </text>
</comment>
<comment>
  <identifier id="org.globalplatform.SecureChannel.wrap_changed(byte[], short, short)"/>
  <text>
    InsertCommentsHere
  </text>
</comment>
<comment>
  <identifier id="org.globalplatform.SecureChannelx"/>
  <text>
    InsertCommentsHere
  </text>
</comment>
<comment>
  <identifier id="org.globalplatform.SecureChannelx.setSecurityLevel_changed(byte)"/>
  <text>
    InsertCommentsHere
  </text>
</comment>
<comment>
  <identifier id="org.globalplatform.SecureChannelx2"/>
  <text>
    InsertCommentsHere
  </text>
</comment>
<comment>
  <identifier id="org.globalplatform.SecureChannelx2.processSecurity_changed(byte[], short, short, short)"/>
  <text>
    InsertCommentsHere
  </text>
</comment>

</comments>
